{"stats":{"minecraft:used":{"minecraft:stone_sword":130,"minecraft:stone_pickaxe":94,"minecraft:oak_planks":9,"minecraft:wooden_pickaxe":37,"minecraft:iron_sword":86,"minecraft:torch":23,"minecraft:dirt":10,"minecraft:mutton":2,"minecraft:crafting_table":4,"minecraft:granite":7,"minecraft:smoker":1,"minecraft:iron_pickaxe":72,"minecraft:gravel":5,"minecraft:stone_axe":45,"minecraft:cobblestone":25,"minecraft:furnace":2,"minecraft:cooked_porkchop":7},"minecraft:custom":{"minecraft:interact_with_furnace":15,"minecraft:mob_kills":35,"minecraft:interact_with_crafting_table":11,"minecraft:leave_game":4,"minecraft:time_since_death":57739,"minecraft:time_since_rest":57759,"minecraft:sprint_one_cm":146470,"minecraft:damage_taken":930,"minecraft:walk_one_cm":207736,"minecraft:drop":1,"minecraft:damage_dealt":5167,"minecraft:swim_one_cm":20212,"minecraft:fly_one_cm":74555,"minecraft:open_chest":3,"minecraft:crouch_one_cm":8107,"minecraft:play_time":78416,"minecraft:deaths":1,"minecraft:sneak_time":7443,"minecraft:walk_under_water_one_cm":1408,"minecraft:jump":732,"minecraft:walk_on_water_one_cm":5801,"minecraft:total_world_time":78416,"minecraft:interact_with_smoker":6,"minecraft:fall_one_cm":13238},"minecraft:killed_by":{"minecraft:zombie":1},"minecraft:mined":{"minecraft:smoker":1,"minecraft:crafting_table":4,"minecraft:torch":1,"minecraft:granite":18,"minecraft:grass_block":7,"minecraft:cobblestone":3,"minecraft:furnace":2,"minecraft:iron_ore":18,"minecraft:andesite":10,"minecraft:grass":6,"minecraft:oak_log":44,"minecraft:pointed_dripstone":1,"minecraft:coal_ore":17,"minecraft:gravel":6,"minecraft:dripstone_block":1,"minecraft:dirt":3,"minecraft:cobweb":1,"minecraft:stone":125,"minecraft:oak_leaves":9},"minecraft:killed":{"minecraft:cave_spider":3,"minecraft:pig":10,"minecraft:spider":1,"minecraft:sheep":2,"minecraft:zombie":19},"minecraft:crafted":{"minecraft:smooth_stone":3,"minecraft:oak_planks":36,"minecraft:cooked_porkchop":21,"minecraft:wooden_pickaxe":1,"minecraft:iron_sword":1,"minecraft:furnace":2,"minecraft:blast_furnace":1,"minecraft:stone":3,"minecraft:stone_axe":1,"minecraft:shield":1,"minecraft:stick":20,"minecraft:iron_ingot":7,"minecraft:stone_pickaxe":1,"minecraft:stone_sword":1,"minecraft:torch":52,"minecraft:smoker":1},"minecraft:picked_up":{"minecraft:crafting_table":4,"minecraft:andesite":10,"minecraft:chest_minecart":1,"minecraft:wooden_pickaxe":1,"minecraft:smoker":1,"minecraft:flint":1,"minecraft:oak_log":46,"minecraft:lapis_lazuli":5,"minecraft:dirt":10,"minecraft:string":6,"minecraft:wheat_seeds":2,"minecraft:iron_ingot":1,"minecraft:stone_pickaxe":1,"minecraft:oak_planks":12,"minecraft:furnace":2,"minecraft:stick":5,"minecraft:raw_iron":18,"minecraft:oak_fence":3,"minecraft:torch":1,"minecraft:dripstone_block":1,"minecraft:gravel":5,"minecraft:porkchop":32,"minecraft:pointed_dripstone":5,"minecraft:spider_eye":1,"minecraft:pumpkin_seeds":6,"minecraft:rotten_flesh":3,"minecraft:granite":15,"minecraft:oak_sapling":8,"minecraft:mutton":4,"minecraft:cobblestone":138,"minecraft:coal":48,"minecraft:white_wool":2,"minecraft:rail":12},"minecraft:broken":{"minecraft:stone_sword":1},"minecraft:dropped":{"minecraft:pumpkin_seeds":3}},"DataVersion":3120}