{"stats":{"minecraft:picked_up":{"minecraft:iron_chestplate":1,"minecraft:raw_iron":16,"minecraft:crafting_table":2,"minecraft:torch":19,"minecraft:dripstone_block":1,"minecraft:lava_bucket":1,"minecraft:diorite":5,"minecraft:shield":1,"minecraft:redstone":16,"minecraft:string":8,"minecraft:lapis_lazuli":8,"minecraft:dirt":6,"minecraft:paper":7,"minecraft:iron_axe":1,"minecraft:iron_leggings":1,"minecraft:compass":1,"minecraft:bone":2,"minecraft:arrow":2,"minecraft:wheat_seeds":1,"minecraft:cartography_table":1,"minecraft:iron_helmet":1,"minecraft:iron_ingot":2,"minecraft:granite":4,"minecraft:iron_pickaxe":1,"minecraft:mutton":3,"minecraft:iron_sword":1,"minecraft:oak_planks":1,"minecraft:coal":32,"minecraft:cobblestone":26,"minecraft:white_wool":5,"minecraft:iron_boots":1,"minecraft:furnace":2},"minecraft:mined":{"minecraft:crafting_table":1,"minecraft:grass":4,"minecraft:coal_ore":10,"minecraft:grass_block":2,"minecraft:dripstone_block":1,"minecraft:dirt":4,"minecraft:stone":28},"minecraft:custom":{"minecraft:time_since_rest":5143,"minecraft:sprint_one_cm":58127,"minecraft:damage_taken":290,"minecraft:walk_one_cm":56960,"minecraft:mob_kills":3,"minecraft:damage_dealt":229,"minecraft:interact_with_crafting_table":1,"minecraft:swim_one_cm":38672,"minecraft:fly_one_cm":56237,"minecraft:crouch_one_cm":6185,"minecraft:play_time":26095,"minecraft:deaths":1,"minecraft:sneak_time":3015,"minecraft:walk_under_water_one_cm":1632,"minecraft:jump":435,"minecraft:leave_game":3,"minecraft:walk_on_water_one_cm":4655,"minecraft:time_since_death":5123,"minecraft:total_world_time":26095,"minecraft:fall_one_cm":10850},"minecraft:killed":{"minecraft:sheep":2},"minecraft:used":{"minecraft:lava_bucket":2,"minecraft:iron_axe":1,"minecraft:iron_pickaxe":39,"minecraft:iron_sword":4,"minecraft:cobblestone":1,"minecraft:dirt":6,"minecraft:mutton":3,"minecraft:crafting_table":1,"minecraft:bucket":1,"minecraft:dripstone_block":1}},"DataVersion":3120}