{"stats":{"minecraft:custom":{"minecraft:time_since_rest":2579,"minecraft:interact_with_furnace":1,"minecraft:play_time":11649,"minecraft:sprint_one_cm":38384,"minecraft:damage_taken":495,"minecraft:deaths":2,"minecraft:walk_one_cm":17337,"minecraft:sneak_time":51,"minecraft:walk_under_water_one_cm":5938,"minecraft:jump":141,"minecraft:damage_dealt":222,"minecraft:leave_game":4,"minecraft:walk_on_water_one_cm":14258,"minecraft:time_since_death":2695,"minecraft:climb_one_cm":168,"minecraft:sleep_in_bed":2,"minecraft:total_world_time":11649,"minecraft:swim_one_cm":2366,"minecraft:fall_one_cm":2282,"minecraft:fly_one_cm":22679,"minecraft:player_kills":1},"minecraft:killed_by":{"minecraft:drowned":1},"minecraft:mined":{"minecraft:grass":13,"minecraft:oak_log":4,"minecraft:tall_grass":5,"minecraft:sugar_cane":12,"minecraft:oak_leaves":3,"minecraft:wall_torch":1,"minecraft:torch":1},"minecraft:picked_up":{"minecraft:wheat_seeds":1,"minecraft:oak_log":4,"minecraft:sugar_cane":10}},"DataVersion":3120}