{"stats":{"minecraft:custom":{"minecraft:jump":108,"minecraft:time_since_rest":329,"minecraft:damage_taken":722,"minecraft:damage_dealt":230,"minecraft:walk_one_cm":37612,"minecraft:leave_game":4,"minecraft:sprint_one_cm":27644,"minecraft:play_time":9815,"minecraft:time_since_death":308,"minecraft:walk_on_water_one_cm":8316,"minecraft:deaths":3,"minecraft:total_world_time":9815,"minecraft:climb_one_cm":115,"minecraft:walk_under_water_one_cm":592,"minecraft:fall_one_cm":2596,"minecraft:fly_one_cm":20785},"minecraft:killed_by":{"minecraft:player":1}},"DataVersion":3120}