{"stats":{"minecraft:used":{"minecraft:stone_sword":13,"minecraft:flint_and_steel":1,"minecraft:shield":220,"minecraft:iron_sword":316,"minecraft:cooked_chicken":5,"minecraft:rotten_flesh":7,"minecraft:netherrack":50,"minecraft:oak_door":3,"minecraft:iron_chestplate":2,"minecraft:torch":398,"minecraft:dirt":43,"minecraft:soul_sand":2,"minecraft:mutton":2,"minecraft:nether_bricks":1,"minecraft:granite":1,"minecraft:iron_hoe":228,"minecraft:wooden_axe":49,"minecraft:lava_bucket":16,"minecraft:iron_axe":143,"minecraft:grass_block":2,"minecraft:iron_helmet":1,"minecraft:iron_boots":2,"minecraft:beef":1,"minecraft:warped_fungus":1,"minecraft:furnace":13,"minecraft:egg":2,"minecraft:cooked_beef":45,"minecraft:cobbled_deepslate":21,"minecraft:iron_leggings":2,"minecraft:pointed_dripstone":2,"minecraft:cooked_mutton":20,"minecraft:water_bucket":34,"minecraft:stone_pickaxe":207,"minecraft:oak_planks":40,"minecraft:blackstone":63,"minecraft:wooden_pickaxe":17,"minecraft:sugar_cane":32,"minecraft:blue_bed":5,"minecraft:rail":2,"minecraft:crafting_table":16,"minecraft:crossbow":6,"minecraft:white_bed":1,"minecraft:shears":67,"minecraft:black_wool":1,"minecraft:string":7,"minecraft:iron_pickaxe":985,"minecraft:gravel":21,"minecraft:stone_axe":79,"minecraft:wooden_sword":2,"minecraft:cobblestone":220,"minecraft:porkchop":9,"minecraft:cooked_porkchop":5,"minecraft:bucket":61,"minecraft:splash_potion":2,"minecraft:oak_boat":2,"minecraft:bone_meal":2,"minecraft:experience_bottle":81,"minecraft:cobweb":1},"minecraft:custom":{"minecraft:mob_kills":216,"minecraft:interact_with_crafting_table":52,"minecraft:leave_game":6,"minecraft:time_since_death":50925,"minecraft:climb_one_cm":125,"minecraft:sprint_one_cm":1015692,"minecraft:walk_one_cm":700431,"minecraft:damage_blocked_by_shield":7761,"minecraft:drop":159,"minecraft:play_time":332353,"minecraft:deaths":2,"minecraft:sneak_time":65012,"minecraft:walk_under_water_one_cm":13454,"minecraft:jump":6686,"minecraft:walk_on_water_one_cm":76403,"minecraft:total_world_time":332353,"minecraft:interact_with_furnace":104,"minecraft:sleep_in_bed":7,"minecraft:time_since_rest":26747,"minecraft:damage_taken":5331,"minecraft:damage_dealt":32701,"minecraft:swim_one_cm":9037,"minecraft:fly_one_cm":1328330,"minecraft:open_chest":15,"minecraft:crouch_one_cm":130006,"minecraft:fall_one_cm":213336},"minecraft:killed_by":{"minecraft:wither_skeleton":1},"minecraft:mined":{"minecraft:deepslate_diamond_ore":5,"minecraft:sculk_vein":10,"minecraft:nether_bricks":1,"minecraft:granite":3,"minecraft:grass_block":25,"minecraft:crimson_roots":2,"minecraft:spawner":4,"minecraft:redstone_ore":1,"minecraft:sculk_catalyst":1,"minecraft:furnace":9,"minecraft:iron_ore":74,"minecraft:fire":4,"minecraft:andesite":27,"minecraft:deepslate_lapis_ore":31,"minecraft:pointed_dripstone":2,"minecraft:flowering_azalea_leaves":1,"minecraft:deepslate_iron_ore":71,"minecraft:stone":342,"minecraft:deepslate_redstone_ore":8,"minecraft:soul_sand":9,"minecraft:crimson_nylium":12,"minecraft:soul_fire":1,"minecraft:crafting_table":10,"minecraft:torch":8,"minecraft:emerald_ore":2,"minecraft:nether_quartz_ore":5,"minecraft:cobblestone":4,"minecraft:tall_grass":1,"minecraft:lapis_ore":5,"minecraft:deepslate_gold_ore":27,"minecraft:sugar_cane":43,"minecraft:oak_planks":4,"minecraft:sculk":184,"minecraft:diorite":10,"minecraft:blue_bed":4,"minecraft:wall_torch":2,"minecraft:birch_log":2,"minecraft:warped_fungus":6,"minecraft:bee_nest":1,"minecraft:grass":33,"minecraft:coal_ore":266,"minecraft:oak_log":85,"minecraft:gravel":16,"minecraft:dripstone_block":2,"minecraft:dirt":25,"minecraft:cobweb":87,"minecraft:netherrack":245,"minecraft:gold_ore":7,"minecraft:oak_leaves":17,"minecraft:deepslate":21},"minecraft:killed":{"minecraft:spider":9,"minecraft:skeleton":21,"minecraft:horse":5,"minecraft:chicken":17,"minecraft:piglin":11,"minecraft:pig":26,"minecraft:bat":2,"minecraft:hoglin":1,"minecraft:creeper":2,"minecraft:sheep":26,"minecraft:pillager":31,"minecraft:zombie":37,"minecraft:wither_skeleton":4,"minecraft:blaze":5,"minecraft:enderman":5,"minecraft:cow":14},"minecraft:crafted":{"minecraft:wooden_sword":1,"minecraft:oak_door":3,"minecraft:oak_planks":228,"minecraft:cooked_chicken":17,"minecraft:furnace":5,"minecraft:bone_meal":60,"minecraft:cooked_mutton":32,"minecraft:flint_and_steel":1,"minecraft:iron_boots":1,"minecraft:iron_axe":2,"minecraft:iron_hoe":1,"minecraft:stone_pickaxe":5,"minecraft:cooked_beef":27,"minecraft:coal_block":14,"minecraft:cooked_porkchop":37,"minecraft:crafting_table":8,"minecraft:wooden_pickaxe":1,"minecraft:iron_helmet":1,"minecraft:iron_sword":2,"minecraft:blue_bed":1,"minecraft:bucket":1,"minecraft:oak_wood":3,"minecraft:birch_planks":16,"minecraft:stone_axe":3,"minecraft:blue_dye":3,"minecraft:oak_boat":1,"minecraft:white_wool":4,"minecraft:iron_chestplate":1,"minecraft:book":14,"minecraft:paper":42,"minecraft:shield":3,"minecraft:stick":148,"minecraft:compass":1,"minecraft:iron_ingot":233,"minecraft:iron_pickaxe":4,"minecraft:wooden_axe":1,"minecraft:iron_block":10,"minecraft:stone_sword":2,"minecraft:blue_wool":3,"minecraft:iron_leggings":1,"minecraft:gold_ingot":34,"minecraft:white_bed":1,"minecraft:torch":412,"minecraft:shears":1,"minecraft:lapis_block":22},"minecraft:picked_up":{"minecraft:crafting_table":10,"minecraft:iron_chestplate":1,"minecraft:splash_potion":2,"minecraft:chicken":17,"minecraft:nether_wart":25,"minecraft:pink_wool":1,"minecraft:potion":1,"minecraft:nether_brick":22,"minecraft:golden_sword":1,"minecraft:shield":2,"minecraft:string":33,"minecraft:iron_axe":2,"minecraft:wooden_sword":1,"minecraft:iron_leggings":1,"minecraft:experience_bottle":81,"minecraft:blackstone":114,"minecraft:cobbled_deepslate":30,"minecraft:beef":30,"minecraft:oak_boat":1,"minecraft:iron_nugget":23,"minecraft:iron_pickaxe":2,"minecraft:coal_block":23,"minecraft:sugar_cane":74,"minecraft:furnace":8,"minecraft:iron_boots":1,"minecraft:egg":2,"minecraft:raw_iron":143,"minecraft:torch":24,"minecraft:fire_charge":2,"minecraft:porkchop":54,"minecraft:pointed_dripstone":3,"minecraft:diorite":10,"minecraft:redstone":42,"minecraft:stone_sword":2,"minecraft:arrow":9,"minecraft:rotten_flesh":33,"minecraft:nether_bricks":1,"minecraft:iron_block":9,"minecraft:blaze_rod":20,"minecraft:mutton":40,"minecraft:rail":2,"minecraft:white_wool":16,"minecraft:cobblestone":344,"minecraft:birch_log":4,"minecraft:feather":20,"minecraft:cooked_beef":48,"minecraft:andesite":28,"minecraft:brown_wool":4,"minecraft:leather":37,"minecraft:red_mushroom":1,"minecraft:flint":1,"minecraft:oak_log":91,"minecraft:gunpowder":3,"minecraft:blue_bed":4,"minecraft:lapis_lazuli":239,"minecraft:dirt":49,"minecraft:bone":25,"minecraft:wheat_seeds":6,"minecraft:raw_gold":34,"minecraft:cobweb":67,"minecraft:oak_planks":4,"minecraft:iron_sword":1,"minecraft:soul_sand":38,"minecraft:warped_fungus":6,"minecraft:quartz":2,"minecraft:gravel":166,"minecraft:dripstone_block":7,"minecraft:grass_block":2,"minecraft:crying_obsidian":11,"minecraft:spectral_arrow":20,"minecraft:spider_eye":1,"minecraft:diamond":20,"minecraft:iron_helmet":1,"minecraft:crossbow":5,"minecraft:granite":3,"minecraft:emerald":2,"minecraft:black_wool":1,"minecraft:oak_sapling":6,"minecraft:netherrack":215,"minecraft:dark_oak_fence":2,"minecraft:coal":276,"minecraft:crimson_roots":2,"minecraft:ender_pearl":2},"minecraft:broken":{"minecraft:stone_pickaxe":1,"minecraft:iron_sword":1,"minecraft:iron_pickaxe":3,"minecraft:wooden_axe":1,"minecraft:iron_hoe":1},"minecraft:dropped":{"minecraft:soul_sand":30,"minecraft:wheat_seeds":6,"minecraft:warped_fungus":2,"minecraft:oak_log":6,"minecraft:dripstone_block":7,"minecraft:cooked_porkchop":3,"minecraft:crossbow":3,"minecraft:cobblestone":45,"minecraft:granite":2,"minecraft:stick":2,"minecraft:emerald":2,"minecraft:cobweb":2,"minecraft:iron_block":9,"minecraft:dirt":6,"minecraft:diorite":10,"minecraft:dark_oak_fence":2,"minecraft:torch":1,"minecraft:crimson_roots":2,"minecraft:brown_wool":4,"minecraft:fire_charge":2,"minecraft:wooden_sword":2,"minecraft:bone_meal":54,"minecraft:iron_axe":3,"minecraft:iron_pickaxe":1,"minecraft:string":1,"minecraft:white_wool":12,"minecraft:gold_ingot":36,"minecraft:bone":7,"minecraft:gravel":210,"minecraft:stone_axe":2,"minecraft:compass":1,"minecraft:blackstone":51,"minecraft:iron_nugget":23,"minecraft:stone_sword":4,"minecraft:cobbled_deepslate":9,"minecraft:nether_brick":22,"minecraft:pointed_dripstone":1,"minecraft:rotten_flesh":26,"minecraft:oak_planks":1,"minecraft:shield":3,"minecraft:andesite":28,"minecraft:pink_wool":1,"minecraft:oak_sapling":6,"minecraft:golden_sword":1,"minecraft:spider_eye":1,"minecraft:wooden_pickaxe":1,"minecraft:beef":1,"minecraft:stone_pickaxe":3,"minecraft:crying_obsidian":11,"minecraft:netherrack":13}},"DataVersion":3120}