{"stats":{"minecraft:mined":{"minecraft:tall_grass":1,"minecraft:grass":3},"minecraft:custom":{"minecraft:jump":34,"minecraft:time_since_rest":4422,"minecraft:damage_dealt":222,"minecraft:damage_taken":230,"minecraft:leave_game":2,"minecraft:sprint_one_cm":7316,"minecraft:play_time":4422,"minecraft:time_since_death":4422,"minecraft:walk_on_water_one_cm":11519,"minecraft:walk_one_cm":8354,"minecraft:total_world_time":4422,"minecraft:fall_one_cm":209,"minecraft:fly_one_cm":3898,"minecraft:player_kills":1}},"DataVersion":3120}