{"stats":{"minecraft:crafted":{"minecraft:oak_door":3,"minecraft:oak_planks":256,"minecraft:raw_iron":9,"minecraft:cooked_chicken":11,"minecraft:furnace":8,"minecraft:cooked_mutton":3,"minecraft:flint_and_steel":1,"minecraft:diamond_helmet":2,"minecraft:diamond_leggings":1,"minecraft:polished_deepslate":704,"minecraft:stone_pickaxe":4,"minecraft:chest":3,"minecraft:diamond_boots":2,"minecraft:dark_oak_planks":8,"minecraft:golden_boots":1,"minecraft:wheat":279,"minecraft:cooked_beef":8,"minecraft:diamond_sword":2,"minecraft:cooked_porkchop":4,"minecraft:diamond_axe":1,"minecraft:crafting_table":12,"minecraft:wooden_pickaxe":2,"minecraft:iron_sword":1,"minecraft:cooked_salmon":3,"minecraft:bucket":3,"minecraft:campfire":1,"minecraft:stone_axe":1,"minecraft:bread":97,"minecraft:iron_chestplate":1,"minecraft:paper":18,"minecraft:diamond_pickaxe":2,"minecraft:shield":2,"minecraft:stick":108,"minecraft:iron_ingot":46,"minecraft:iron_pickaxe":7,"minecraft:stone_sword":2,"minecraft:iron_leggings":1,"minecraft:gold_ingot":64,"minecraft:torch":248,"minecraft:diamond_chestplate":2},"minecraft:killed_by":{"minecraft:skeleton":1,"minecraft:zombie":1},"minecraft:killed":{"minecraft:spider":4,"minecraft:skeleton":2,"minecraft:chicken":27,"minecraft:silverfish":6,"minecraft:piglin":4,"minecraft:pig":3,"minecraft:zombie_villager":1,"minecraft:salmon":3,"minecraft:iron_golem":2,"minecraft:hoglin":3,"minecraft:sheep":15,"minecraft:pillager":1,"minecraft:zombie":8,"minecraft:cow":12},"minecraft:dropped":{"minecraft:crimson_stem":1,"minecraft:wheat_seeds":7,"minecraft:cooked_beef":2,"minecraft:oak_log":96,"minecraft:glass_bottle":1,"minecraft:diamond":24,"minecraft:cobblestone":29,"minecraft:leather":7,"minecraft:granite":28,"minecraft:dirt":25,"minecraft:diorite":6,"minecraft:string":4,"minecraft:white_wool":6,"minecraft:gold_ingot":138,"minecraft:gravel":10,"minecraft:cobbled_deepslate":27,"minecraft:raw_copper":5,"minecraft:nether_brick":23,"minecraft:tuff":1,"minecraft:obsidian":1,"minecraft:pointed_dripstone":4,"minecraft:light_gray_wool":2,"minecraft:oak_planks":8,"minecraft:poppy":1,"minecraft:diamond_chestplate":2},"minecraft:mined":{"minecraft:infested_deepslate":2,"minecraft:nether_gold_ore":7,"minecraft:diamond_ore":3,"minecraft:tuff":88,"minecraft:deepslate_diamond_ore":187,"minecraft:granite":15,"minecraft:dark_oak_fence":1,"minecraft:grass_block":9,"minecraft:crimson_roots":1,"minecraft:kelp":3,"minecraft:crimson_stem":1,"minecraft:hay_block":31,"minecraft:magma_block":2,"minecraft:raw_iron_block":1,"minecraft:furnace":6,"minecraft:cobbled_deepslate":10,"minecraft:iron_ore":24,"minecraft:andesite":28,"minecraft:deepslate_lapis_ore":19,"minecraft:vine":1,"minecraft:deepslate_iron_ore":37,"minecraft:stone":391,"minecraft:blue_orchid":1,"minecraft:white_wool":3,"minecraft:deepslate_redstone_ore":18,"minecraft:glass_pane":1,"minecraft:blackstone":5,"minecraft:kelp_plant":33,"minecraft:crimson_nylium":25,"minecraft:crafting_table":8,"minecraft:torch":2,"minecraft:chest":2,"minecraft:cobblestone":7,"minecraft:tall_grass":5,"minecraft:nether_quartz_ore":23,"minecraft:copper_ore":1,"minecraft:deepslate_gold_ore":116,"minecraft:lily_pad":1,"minecraft:sugar_cane":10,"minecraft:oak_planks":3,"minecraft:diorite":12,"minecraft:wall_torch":5,"minecraft:seagrass":1,"minecraft:wheat":6,"minecraft:grass":40,"minecraft:oak_log":77,"minecraft:coal_ore":155,"minecraft:gravel":32,"minecraft:dirt":20,"minecraft:smooth_basalt":1,"minecraft:netherrack":271,"minecraft:oak_leaves":36,"minecraft:deepslate":1965},"minecraft:broken":{"minecraft:golden_hoe":1,"minecraft:stone_sword":1,"minecraft:wooden_pickaxe":2,"minecraft:stone_pickaxe":4,"minecraft:iron_sword":1,"minecraft:iron_pickaxe":7},"minecraft:used":{"minecraft:stone_sword":214,"minecraft:iron_shovel":2,"minecraft:flint_and_steel":2,"minecraft:chest":6,"minecraft:shield":97,"minecraft:iron_sword":229,"minecraft:cooked_salmon":3,"minecraft:cooked_chicken":9,"minecraft:rotten_flesh":10,"minecraft:netherrack":68,"minecraft:iron_chestplate":1,"minecraft:oak_door":1,"minecraft:torch":142,"minecraft:dirt":17,"minecraft:diamond_helmet":1,"minecraft:tuff":4,"minecraft:granite":8,"minecraft:lava_bucket":11,"minecraft:diamond_chestplate":1,"minecraft:furnace":14,"minecraft:cooked_beef":8,"minecraft:cobbled_deepslate":261,"minecraft:iron_leggings":1,"minecraft:cooked_mutton":4,"minecraft:water_bucket":9,"minecraft:diorite":1,"minecraft:stone_pickaxe":520,"minecraft:oak_planks":48,"minecraft:wooden_pickaxe":116,"minecraft:diamond_axe":24,"minecraft:white_wool":11,"minecraft:golden_hoe":41,"minecraft:crafting_table":18,"minecraft:campfire":1,"minecraft:diamond_pickaxe":937,"minecraft:black_wool":1,"minecraft:iron_pickaxe":1909,"minecraft:gravel":4,"minecraft:stone_axe":118,"minecraft:diamond_sword":101,"minecraft:potion":2,"minecraft:cobblestone":170,"minecraft:cooked_porkchop":7,"minecraft:andesite":28,"minecraft:bucket":21,"minecraft:experience_bottle":1},"minecraft:custom":{"minecraft:mob_kills":91,"minecraft:interact_with_crafting_table":48,"minecraft:leave_game":16,"minecraft:time_since_death":0,"minecraft:climb_one_cm":1825,"minecraft:sprint_one_cm":406334,"minecraft:walk_one_cm":483891,"minecraft:damage_blocked_by_shield":3180,"minecraft:drop":84,"minecraft:play_time":261869,"minecraft:deaths":3,"minecraft:sneak_time":13797,"minecraft:walk_under_water_one_cm":19942,"minecraft:jump":2129,"minecraft:walk_on_water_one_cm":56515,"minecraft:total_world_time":261869,"minecraft:interact_with_furnace":62,"minecraft:interact_with_stonecutter":1,"minecraft:sleep_in_bed":1,"minecraft:time_since_rest":20,"minecraft:damage_taken":2933,"minecraft:damage_dealt":10228,"minecraft:swim_one_cm":89695,"minecraft:fly_one_cm":225454,"minecraft:open_chest":25,"minecraft:crouch_one_cm":19115,"minecraft:fall_one_cm":37264},"minecraft:picked_up":{"minecraft:crafting_table":8,"minecraft:wheat":13,"minecraft:splash_potion":1,"minecraft:chicken":27,"minecraft:wooden_pickaxe":1,"minecraft:potion":3,"minecraft:nether_brick":23,"minecraft:shield":1,"minecraft:string":18,"minecraft:raw_copper":8,"minecraft:iron_shovel":1,"minecraft:experience_bottle":1,"minecraft:blackstone":63,"minecraft:gold_nugget":28,"minecraft:cobbled_deepslate":1738,"minecraft:beef":23,"minecraft:iron_nugget":31,"minecraft:poppy":3,"minecraft:iron_pickaxe":1,"minecraft:light_gray_wool":2,"minecraft:sugar_cane":18,"minecraft:chest":3,"minecraft:furnace":8,"minecraft:iron_boots":3,"minecraft:stick":4,"minecraft:raw_iron":61,"minecraft:torch":23,"minecraft:fire_charge":4,"minecraft:porkchop":16,"minecraft:pointed_dripstone":4,"minecraft:diorite":13,"minecraft:redstone":67,"minecraft:goat_horn":1,"minecraft:diamond_chestplate":2,"minecraft:arrow":16,"minecraft:rotten_flesh":14,"minecraft:golden_hoe":1,"minecraft:hay_block":31,"minecraft:gold_ingot":91,"minecraft:mutton":24,"minecraft:obsidian":2,"minecraft:white_wool":26,"minecraft:cobblestone":450,"minecraft:feather":30,"minecraft:cooked_beef":6,"minecraft:crimson_stem":1,"minecraft:andesite":28,"minecraft:salmon":3,"minecraft:leather":26,"minecraft:potato":3,"minecraft:flint":8,"minecraft:tuff":75,"minecraft:oak_log":179,"minecraft:lapis_lazuli":118,"minecraft:dirt":60,"minecraft:cooked_mutton":4,"minecraft:bone":7,"minecraft:kelp":103,"minecraft:wheat_seeds":25,"minecraft:raw_gold":116,"minecraft:iron_ingot":10,"minecraft:cooked_chicken":4,"minecraft:iron_sword":1,"minecraft:oak_planks":12,"minecraft:soul_sand":15,"minecraft:cooked_porkchop":9,"minecraft:quartz":37,"minecraft:raw_iron_block":1,"minecraft:gravel":29,"minecraft:dark_oak_log":2,"minecraft:crying_obsidian":13,"minecraft:spectral_arrow":21,"minecraft:spider_eye":2,"minecraft:diamond":214,"minecraft:granite":40,"minecraft:crossbow":3,"minecraft:oak_sapling":2,"minecraft:netherrack":115,"minecraft:black_wool":1,"minecraft:dark_oak_fence":4,"minecraft:coal":240,"minecraft:ender_pearl":2}},"DataVersion":3120}