{"stats":{"minecraft:used":{"minecraft:oak_fence":8,"minecraft:water_bucket":43,"minecraft:enchanting_table":4,"minecraft:stone_sword":31,"minecraft:armor_stand":5,"minecraft:spruce_slab":101,"minecraft:stone_pickaxe":45,"minecraft:oak_planks":1,"minecraft:black_carpet":16,"minecraft:spruce_planks":34,"minecraft:wooden_pickaxe":13,"minecraft:stone":47,"minecraft:beacon":3,"minecraft:quartz_stairs":13,"minecraft:torch":14,"minecraft:dirt":2,"minecraft:vine":13,"minecraft:crafting_table":3,"minecraft:spruce_stairs":36,"minecraft:spruce_fence":6,"minecraft:oak_log":31,"minecraft:glass":26,"minecraft:netherite_block":38,"minecraft:wooden_axe":1,"minecraft:sea_lantern":16,"minecraft:bookshelf":22,"minecraft:lantern":16,"minecraft:grass_block":88,"minecraft:bread":9,"minecraft:smooth_quartz":46,"minecraft:flowering_azalea_leaves":63,"minecraft:soul_lantern":2,"minecraft:stone_axe":33,"minecraft:red_carpet":22,"minecraft:cobblestone":10,"minecraft:furnace":1,"minecraft:smooth_stone_slab":18,"minecraft:skeleton_skull":2},"minecraft:custom":{"minecraft:interact_with_furnace":7,"minecraft:mob_kills":21,"minecraft:interact_with_crafting_table":5,"minecraft:leave_game":9,"minecraft:time_since_death":0,"minecraft:time_since_rest":20,"minecraft:sprint_one_cm":86942,"minecraft:damage_taken":1052,"minecraft:walk_one_cm":258762,"minecraft:drop":22,"minecraft:damage_dealt":1861,"minecraft:interact_with_beacon":4,"minecraft:fly_one_cm":312078,"minecraft:open_chest":2,"minecraft:crouch_one_cm":16985,"minecraft:play_time":110534,"minecraft:deaths":3,"minecraft:sneak_time":4762,"minecraft:jump":929,"minecraft:walk_on_water_one_cm":2149,"minecraft:total_world_time":110534,"minecraft:fall_one_cm":14942},"minecraft:mined":{"minecraft:crafting_table":3,"minecraft:torch":2,"minecraft:granite":1,"minecraft:grass_block":1,"minecraft:tall_grass":4,"minecraft:copper_ore":2,"minecraft:cobblestone":2,"minecraft:furnace":1,"minecraft:iron_ore":3,"minecraft:andesite":2,"minecraft:grass":10,"minecraft:oak_log":9,"minecraft:coal_ore":14,"minecraft:dirt":5,"minecraft:stone":32,"minecraft:oak_leaves":5},"minecraft:killed":{"minecraft:pig":6,"minecraft:spider":1,"minecraft:sheep":9,"minecraft:chicken":2,"minecraft:cow":3},"minecraft:crafted":{"minecraft:oak_planks":36,"minecraft:crafting_table":1,"minecraft:wooden_pickaxe":1,"minecraft:iron_sword":1,"minecraft:furnace":2,"minecraft:stone_axe":1,"minecraft:shield":1,"minecraft:stick":16,"minecraft:iron_ingot":5,"minecraft:wooden_axe":1,"minecraft:stone_pickaxe":1,"minecraft:stone_sword":1,"minecraft:torch":12},"minecraft:picked_up":{"minecraft:crafting_table":3,"minecraft:azure_bluet":1,"minecraft:cooked_beef":2,"minecraft:chicken":1,"minecraft:andesite":2,"minecraft:leather":1,"minecraft:oak_log":9,"minecraft:cornflower":1,"minecraft:dirt":7,"minecraft:string":2,"minecraft:raw_copper":5,"minecraft:wheat_seeds":6,"minecraft:beef":7,"minecraft:furnace":1,"minecraft:raw_iron":5,"minecraft:torch":3,"minecraft:dandelion":8,"minecraft:porkchop":10,"minecraft:spider_eye":1,"minecraft:tnt":1,"minecraft:granite":1,"minecraft:bread":49,"minecraft:mutton":13,"minecraft:coal":24,"minecraft:white_wool":9,"minecraft:cobblestone":34,"minecraft:oxeye_daisy":3},"minecraft:dropped":{"minecraft:wheat_seeds":6,"minecraft:cooked_beef":2,"minecraft:raw_copper":5,"minecraft:lantern":64,"minecraft:leather":1,"minecraft:granite":1,"minecraft:azure_bluet":1,"minecraft:grass_block":1,"minecraft:oxeye_daisy":3,"minecraft:dirt":1,"minecraft:torch":1,"minecraft:cornflower":1,"minecraft:wooden_axe":1,"minecraft:spider_eye":1,"minecraft:wooden_pickaxe":1,"minecraft:string":2,"minecraft:dandelion":8}},"DataVersion":3120}