{"stats":{"minecraft:crafted":{"minecraft:cooked_beef":2,"minecraft:wooden_sword":1,"minecraft:oak_planks":112,"minecraft:cooked_porkchop":9,"minecraft:crafting_table":4,"minecraft:oak_pressure_plate":1,"minecraft:wooden_pickaxe":2,"minecraft:iron_sword":1,"minecraft:furnace":5,"minecraft:stone_axe":1,"minecraft:cooked_mutton":8,"minecraft:shield":1,"minecraft:stick":48,"minecraft:iron_ingot":8,"minecraft:iron_pickaxe":2,"minecraft:stone_pickaxe":2,"minecraft:wooden_axe":2,"minecraft:stone_sword":1,"minecraft:torch":100},"minecraft:killed_by":{"minecraft:pillager":2},"minecraft:killed":{"minecraft:pig":5,"minecraft:iron_golem":1,"minecraft:spider":1,"minecraft:skeleton":2,"minecraft:sheep":5,"minecraft:pillager":5,"minecraft:zombie":5,"minecraft:cow":3},"minecraft:dropped":{"minecraft:cooked_beef":3},"minecraft:mined":{"minecraft:dandelion":1,"minecraft:crafting_table":1,"minecraft:granite":25,"minecraft:dark_oak_fence":3,"minecraft:grass_block":4,"minecraft:chest":1,"minecraft:cobblestone":4,"minecraft:diorite":4,"minecraft:wall_torch":7,"minecraft:birch_planks":2,"minecraft:furnace":4,"minecraft:iron_ore":24,"minecraft:andesite":11,"minecraft:grass":24,"minecraft:oak_log":33,"minecraft:pointed_dripstone":1,"minecraft:coal_ore":79,"minecraft:gravel":5,"minecraft:dripstone_block":3,"minecraft:dirt":3,"minecraft:stone":310,"minecraft:white_wool":1,"minecraft:oak_leaves":12},"minecraft:broken":{"minecraft:stone_pickaxe":1,"minecraft:wooden_sword":1,"minecraft:iron_pickaxe":1,"minecraft:wooden_axe":1,"minecraft:wooden_pickaxe":2},"minecraft:used":{"minecraft:cooked_mutton":4,"minecraft:diorite":4,"minecraft:stone_sword":18,"minecraft:stone_pickaxe":176,"minecraft:wooden_pickaxe":94,"minecraft:shield":34,"minecraft:iron_sword":200,"minecraft:rotten_flesh":9,"minecraft:white_wool":1,"minecraft:torch":83,"minecraft:dirt":3,"minecraft:crafting_table":5,"minecraft:dripstone_block":3,"minecraft:wooden_axe":47,"minecraft:iron_pickaxe":250,"minecraft:oak_pressure_plate":1,"minecraft:gravel":2,"minecraft:wooden_sword":59,"minecraft:cobblestone":208,"minecraft:furnace":6,"minecraft:cooked_porkchop":2,"minecraft:andesite":11,"minecraft:cooked_beef":2},"minecraft:custom":{"minecraft:interact_with_furnace":22,"minecraft:mob_kills":28,"minecraft:interact_with_crafting_table":13,"minecraft:leave_game":3,"minecraft:time_since_death":4765,"minecraft:climb_one_cm":43,"minecraft:time_since_rest":4785,"minecraft:sprint_one_cm":163347,"minecraft:damage_taken":1575,"minecraft:walk_one_cm":122484,"minecraft:damage_blocked_by_shield":1160,"minecraft:drop":3,"minecraft:damage_dealt":5793,"minecraft:fly_one_cm":252133,"minecraft:open_chest":3,"minecraft:crouch_one_cm":13500,"minecraft:play_time":67599,"minecraft:deaths":3,"minecraft:sneak_time":8715,"minecraft:walk_under_water_one_cm":3597,"minecraft:jump":734,"minecraft:walk_on_water_one_cm":5403,"minecraft:total_world_time":67599,"minecraft:fall_one_cm":20825},"minecraft:picked_up":{"minecraft:wooden_axe":1,"minecraft:crafting_table":1,"minecraft:wheat":7,"minecraft:cooked_beef":3,"minecraft:andesite":11,"minecraft:leather":7,"minecraft:wooden_pickaxe":1,"minecraft:potato":3,"minecraft:birch_planks":2,"minecraft:oak_log":33,"minecraft:string":3,"minecraft:dirt":7,"minecraft:raw_copper":5,"minecraft:wooden_sword":1,"minecraft:bone":4,"minecraft:experience_bottle":1,"minecraft:wheat_seeds":2,"minecraft:iron_ingot":4,"minecraft:beef":7,"minecraft:poppy":1,"minecraft:light_gray_wool":1,"minecraft:chest":1,"minecraft:oak_planks":18,"minecraft:furnace":4,"minecraft:stick":7,"minecraft:raw_iron":21,"minecraft:torch":10,"minecraft:dripstone_block":3,"minecraft:gravel":5,"minecraft:porkchop":9,"minecraft:pointed_dripstone":4,"minecraft:diorite":4,"minecraft:dark_oak_log":2,"minecraft:spider_eye":1,"minecraft:goat_horn":1,"minecraft:arrow":13,"minecraft:rotten_flesh":5,"minecraft:granite":25,"minecraft:crossbow":2,"minecraft:oak_sapling":1,"minecraft:mutton":11,"minecraft:dark_oak_fence":3,"minecraft:coal":87,"minecraft:white_wool":7,"minecraft:cobblestone":309}},"DataVersion":3120}