{"stats":{"minecraft:crafted":{"minecraft:oak_planks":8,"minecraft:crafting_table":1,"minecraft:stick":8,"minecraft:wooden_pickaxe":1,"minecraft:stone_pickaxe":1,"minecraft:stone_sword":1,"minecraft:dark_oak_planks":8,"minecraft:stone_axe":1},"minecraft:killed_by":{"minecraft:player":1,"minecraft:pillager":1},"minecraft:killed":{"minecraft:pillager":1},"minecraft:dropped":{"minecraft:wheat_seeds":1,"minecraft:cooked_beef":1,"minecraft:dark_oak_fence":2,"minecraft:sand":1,"minecraft:dandelion":1},"minecraft:mined":{"minecraft:white_bed":1,"minecraft:dark_oak_log":2,"minecraft:dandelion":1,"minecraft:crafting_table":2,"minecraft:dark_oak_fence":4,"minecraft:grass":22,"minecraft:grass_block":4,"minecraft:oak_log":2,"minecraft:sand":1,"minecraft:dirt":8,"minecraft:tall_grass":2,"minecraft:stone":9,"minecraft:sugar_cane":5,"minecraft:oak_leaves":2,"minecraft:blue_bed":2},"minecraft:used":{"minecraft:wooden_axe":38,"minecraft:stone_sword":18,"minecraft:wooden_pickaxe":9,"minecraft:blue_bed":1,"minecraft:stone_axe":1,"minecraft:dirt":12,"minecraft:crafting_table":1,"minecraft:dark_oak_fence":3,"minecraft:cooked_beef":5},"minecraft:custom":{"minecraft:time_since_rest":21,"minecraft:sprint_one_cm":48667,"minecraft:interact_with_furnace":1,"minecraft:damage_taken":868,"minecraft:walk_one_cm":23299,"minecraft:mob_kills":1,"minecraft:drop":6,"minecraft:damage_dealt":1184,"minecraft:interact_with_crafting_table":3,"minecraft:swim_one_cm":1821,"minecraft:fly_one_cm":115539,"minecraft:player_kills":2,"minecraft:crouch_one_cm":566,"minecraft:play_time":22562,"minecraft:deaths":2,"minecraft:sneak_time":156,"minecraft:walk_under_water_one_cm":71,"minecraft:jump":525,"minecraft:leave_game":2,"minecraft:time_since_death":0,"minecraft:walk_on_water_one_cm":4049,"minecraft:total_world_time":22562,"minecraft:fall_one_cm":17977},"minecraft:picked_up":{"minecraft:wooden_axe":1,"minecraft:stick":1,"minecraft:crafting_table":2,"minecraft:cooked_beef":29,"minecraft:torch":1,"minecraft:dandelion":1,"minecraft:sand":2,"minecraft:oak_log":2,"minecraft:white_bed":2,"minecraft:dark_oak_log":2,"minecraft:blue_bed":3,"minecraft:dirt":12,"minecraft:wheat_seeds":2,"minecraft:oak_sapling":1,"minecraft:sugar_cane":22,"minecraft:dark_oak_fence":6,"minecraft:cobblestone":9}},"DataVersion":3120}