{"stats":{"minecraft:killed_by":{"minecraft:player":1},"minecraft:dropped":{"minecraft:dandelion":1},"minecraft:mined":{"minecraft:grass":8,"minecraft:white_bed":1,"minecraft:sand":1,"minecraft:sugar_cane":5,"minecraft:dandelion":1,"minecraft:blue_bed":2},"minecraft:used":{"minecraft:wooden_axe":6,"minecraft:cooked_beef":2,"minecraft:blue_bed":1},"minecraft:custom":{"minecraft:time_since_rest":3535,"minecraft:crouch_one_cm":344,"minecraft:play_time":14252,"minecraft:interact_with_furnace":1,"minecraft:sprint_one_cm":23092,"minecraft:deaths":1,"minecraft:damage_taken":358,"minecraft:walk_one_cm":9316,"minecraft:sneak_time":99,"minecraft:walk_under_water_one_cm":71,"minecraft:drop":1,"minecraft:jump":235,"minecraft:damage_dealt":590,"minecraft:leave_game":1,"minecraft:walk_on_water_one_cm":3768,"minecraft:time_since_death":3515,"minecraft:total_world_time":14252,"minecraft:swim_one_cm":1821,"minecraft:player_kills":2,"minecraft:fall_one_cm":6470,"minecraft:fly_one_cm":42982},"minecraft:picked_up":{"minecraft:wooden_axe":1,"minecraft:cooked_beef":28,"minecraft:torch":1,"minecraft:dandelion":1,"minecraft:sand":1,"minecraft:white_bed":2,"minecraft:sugar_cane":22,"minecraft:blue_bed":3}},"DataVersion":3120}