{"stats":{"minecraft:killed_by":{"minecraft:player":1},"minecraft:custom":{"minecraft:jump":103,"minecraft:time_since_rest":3045,"minecraft:damage_taken":582,"minecraft:damage_dealt":230,"minecraft:walk_one_cm":36722,"minecraft:leave_game":2,"minecraft:sprint_one_cm":24447,"minecraft:play_time":8165,"minecraft:time_since_death":3025,"minecraft:walk_on_water_one_cm":7313,"minecraft:deaths":2,"minecraft:total_world_time":8165,"minecraft:climb_one_cm":115,"minecraft:fall_one_cm":2178,"minecraft:fly_one_cm":16007}},"DataVersion":3120}