{"stats":{"minecraft:used":{"minecraft:wooden_axe":28,"minecraft:lava_bucket":2,"minecraft:iron_axe":1,"minecraft:iron_pickaxe":39,"minecraft:wooden_pickaxe":1,"minecraft:iron_sword":4,"minecraft:cobblestone":1,"minecraft:dirt":6,"minecraft:mutton":3,"minecraft:crafting_table":2,"minecraft:bucket":1,"minecraft:dripstone_block":1},"minecraft:custom":{"minecraft:time_since_rest":11134,"minecraft:sprint_one_cm":58790,"minecraft:damage_taken":400,"minecraft:walk_one_cm":97740,"minecraft:mob_kills":8,"minecraft:damage_dealt":819,"minecraft:interact_with_crafting_table":4,"minecraft:swim_one_cm":38672,"minecraft:fly_one_cm":57043,"minecraft:crouch_one_cm":6185,"minecraft:play_time":32086,"minecraft:deaths":1,"minecraft:sneak_time":3015,"minecraft:walk_under_water_one_cm":1632,"minecraft:jump":517,"minecraft:leave_game":3,"minecraft:time_since_death":11114,"minecraft:walk_on_water_one_cm":4763,"minecraft:total_world_time":32086,"minecraft:fall_one_cm":12313},"minecraft:mined":{"minecraft:crafting_table":2,"minecraft:grass":5,"minecraft:oak_log":10,"minecraft:coal_ore":10,"minecraft:grass_block":3,"minecraft:dripstone_block":1,"minecraft:dirt":4,"minecraft:stripped_oak_log":1,"minecraft:stone":28,"minecraft:oak_leaves":4},"minecraft:killed":{"minecraft:sheep":2,"minecraft:cow":5},"minecraft:crafted":{"minecraft:oak_planks":16,"minecraft:crafting_table":1,"minecraft:stick":4,"minecraft:wooden_pickaxe":1,"minecraft:wooden_axe":1},"minecraft:picked_up":{"minecraft:stripped_oak_log":1,"minecraft:crafting_table":3,"minecraft:raw_iron":16,"minecraft:iron_chestplate":1,"minecraft:leather":2,"minecraft:torch":19,"minecraft:dripstone_block":1,"minecraft:lava_bucket":1,"minecraft:oak_log":9,"minecraft:diorite":5,"minecraft:shield":1,"minecraft:redstone":16,"minecraft:lapis_lazuli":8,"minecraft:dirt":7,"minecraft:string":8,"minecraft:paper":7,"minecraft:iron_axe":1,"minecraft:iron_leggings":1,"minecraft:compass":1,"minecraft:arrow":2,"minecraft:bone":2,"minecraft:wheat_seeds":1,"minecraft:cartography_table":1,"minecraft:iron_helmet":1,"minecraft:beef":9,"minecraft:iron_ingot":2,"minecraft:granite":4,"minecraft:iron_pickaxe":1,"minecraft:oak_sapling":1,"minecraft:iron_sword":1,"minecraft:mutton":3,"minecraft:oak_planks":1,"minecraft:coal":32,"minecraft:cobblestone":26,"minecraft:white_wool":5,"minecraft:iron_boots":1,"minecraft:furnace":2}},"DataVersion":3120}