{"stats":{"minecraft:used":{"minecraft:oak_planks":1,"minecraft:wooden_pickaxe":27,"minecraft:iron_sword":4,"minecraft:dirt":6,"minecraft:mutton":3,"minecraft:crafting_table":4,"minecraft:white_bed":1,"minecraft:dripstone_block":1,"minecraft:wooden_axe":34,"minecraft:lava_bucket":2,"minecraft:iron_axe":1,"minecraft:iron_pickaxe":39,"minecraft:stone_axe":12,"minecraft:cobblestone":1,"minecraft:beef":13,"minecraft:bucket":1},"minecraft:custom":{"minecraft:mob_kills":18,"minecraft:interact_with_crafting_table":8,"minecraft:leave_game":3,"minecraft:time_since_death":23114,"minecraft:sleep_in_bed":1,"minecraft:time_since_rest":1218,"minecraft:sprint_one_cm":95558,"minecraft:damage_taken":480,"minecraft:walk_one_cm":133954,"minecraft:damage_dealt":1611,"minecraft:swim_one_cm":42283,"minecraft:fly_one_cm":91788,"minecraft:crouch_one_cm":6185,"minecraft:play_time":44086,"minecraft:deaths":1,"minecraft:sneak_time":3015,"minecraft:walk_under_water_one_cm":1682,"minecraft:jump":775,"minecraft:walk_on_water_one_cm":8404,"minecraft:total_world_time":44086,"minecraft:fall_one_cm":19924},"minecraft:mined":{"minecraft:white_bed":1,"minecraft:crafting_table":4,"minecraft:grass_block":4,"minecraft:tall_grass":4,"minecraft:sugar_cane":6,"minecraft:grass":10,"minecraft:coal_ore":15,"minecraft:oak_log":10,"minecraft:dripstone_block":1,"minecraft:dirt":4,"minecraft:stripped_oak_log":1,"minecraft:stone":49,"minecraft:oak_leaves":4},"minecraft:killed":{"minecraft:sheep":9,"minecraft:cow":8},"minecraft:crafted":{"minecraft:oak_planks":40,"minecraft:crafting_table":1,"minecraft:wooden_pickaxe":1,"minecraft:stone_axe":1,"minecraft:stick":8,"minecraft:stone_pickaxe":1,"minecraft:wooden_axe":1,"minecraft:white_bed":1},"minecraft:picked_up":{"minecraft:stripped_oak_log":1,"minecraft:iron_chestplate":1,"minecraft:crafting_table":5,"minecraft:leather":3,"minecraft:oak_log":9,"minecraft:shield":1,"minecraft:lapis_lazuli":8,"minecraft:string":8,"minecraft:dirt":8,"minecraft:paper":7,"minecraft:iron_axe":1,"minecraft:iron_leggings":1,"minecraft:compass":1,"minecraft:bone":2,"minecraft:wheat_seeds":2,"minecraft:cartography_table":1,"minecraft:iron_ingot":2,"minecraft:beef":17,"minecraft:iron_pickaxe":1,"minecraft:sugar_cane":9,"minecraft:oak_planks":1,"minecraft:iron_sword":1,"minecraft:iron_boots":1,"minecraft:furnace":2,"minecraft:raw_iron":16,"minecraft:torch":19,"minecraft:dripstone_block":1,"minecraft:lava_bucket":1,"minecraft:diorite":5,"minecraft:white_bed":1,"minecraft:redstone":16,"minecraft:arrow":2,"minecraft:iron_helmet":1,"minecraft:granite":4,"minecraft:oak_sapling":1,"minecraft:mutton":9,"minecraft:coal":37,"minecraft:white_wool":11,"minecraft:cobblestone":47},"minecraft:broken":{"minecraft:wooden_axe":1}},"DataVersion":3120}