{"stats":{"minecraft:killed_by":{"minecraft:zombie":1},"minecraft:dropped":{"minecraft:iron_ingot":2,"minecraft:stone_axe":1,"minecraft:stone_sword":1,"minecraft:tuff":9,"minecraft:dripstone_block":1,"minecraft:pointed_dripstone":4,"minecraft:granite":8,"minecraft:diorite":24,"minecraft:andesite":4,"minecraft:spider_eye":1,"minecraft:wooden_pickaxe":3,"minecraft:stone_pickaxe":3,"minecraft:string":1,"minecraft:white_wool":1},"minecraft:picked_up":{"minecraft:crafting_table":12,"minecraft:clay_ball":60,"minecraft:andesite":11,"minecraft:leather":14,"minecraft:wooden_pickaxe":1,"minecraft:potato":1,"minecraft:tuff":27,"minecraft:oak_log":29,"minecraft:lapis_lazuli":20,"minecraft:string":13,"minecraft:dirt":21,"minecraft:raw_copper":16,"minecraft:cooked_mutton":2,"minecraft:cartography_table":2,"minecraft:cobbled_deepslate":95,"minecraft:stone_pickaxe":1,"minecraft:iron_ingot":12,"minecraft:beef":28,"minecraft:sugar_cane":29,"minecraft:oak_planks":48,"minecraft:furnace":9,"minecraft:book":12,"minecraft:stick":2,"minecraft:raw_iron":87,"minecraft:oak_fence":4,"minecraft:torch":25,"minecraft:dripstone_block":4,"minecraft:gravel":3,"minecraft:porkchop":25,"minecraft:pointed_dripstone":5,"minecraft:diorite":36,"minecraft:redstone":17,"minecraft:spider_eye":1,"minecraft:arrow":1,"minecraft:rotten_flesh":8,"minecraft:diamond":2,"minecraft:hay_block":14,"minecraft:granite":17,"minecraft:oak_sapling":1,"minecraft:coal":134,"minecraft:mutton":5,"minecraft:white_wool":3,"minecraft:rail":3,"minecraft:cobblestone":304},"minecraft:broken":{"minecraft:stone_pickaxe":1},"minecraft:crafted":{"minecraft:oak_planks":72,"minecraft:cooked_porkchop":5,"minecraft:crafting_table":7,"minecraft:iron_helmet":1,"minecraft:wooden_pickaxe":3,"minecraft:iron_sword":1,"minecraft:furnace":4,"minecraft:oak_wood":3,"minecraft:bucket":1,"minecraft:stone_axe":3,"minecraft:bread":1,"minecraft:cartography_table":1,"minecraft:iron_chestplate":1,"minecraft:iron_boots":2,"minecraft:paper":9,"minecraft:shield":3,"minecraft:iron_axe":1,"minecraft:stick":92,"minecraft:compass":1,"minecraft:iron_ingot":42,"minecraft:iron_pickaxe":3,"minecraft:stone_pickaxe":4,"minecraft:stone_sword":3,"minecraft:iron_leggings":1,"minecraft:torch":236},"minecraft:mined":{"minecraft:tuff":27,"minecraft:deepslate_diamond_ore":2,"minecraft:torch":3,"minecraft:oak_fence":3,"minecraft:clay":15,"minecraft:crafting_table":12,"minecraft:glow_lichen":1,"minecraft:granite":17,"minecraft:grass_block":4,"minecraft:copper_ore":3,"minecraft:cobblestone":18,"minecraft:lapis_ore":3,"minecraft:cartography_table":2,"minecraft:sugar_cane":12,"minecraft:oak_planks":49,"minecraft:diorite":31,"minecraft:wall_torch":19,"minecraft:deepslate_copper_ore":1,"minecraft:spawner":3,"minecraft:hay_block":14,"minecraft:tall_seagrass":1,"minecraft:redstone_ore":4,"minecraft:furnace":9,"minecraft:iron_ore":58,"minecraft:andesite":11,"minecraft:grass":2,"minecraft:coal_ore":103,"minecraft:bookshelf":4,"minecraft:pointed_dripstone":4,"minecraft:oak_log":29,"minecraft:deepslate_iron_ore":7,"minecraft:rail":1,"minecraft:gravel":3,"minecraft:dripstone_block":5,"minecraft:dirt":17,"minecraft:cobweb":10,"minecraft:stone":302,"minecraft:oak_leaves":12,"minecraft:deepslate":98,"minecraft:tripwire":1},"minecraft:custom":{"minecraft:interact_with_furnace":48,"minecraft:mob_kills":42,"minecraft:interact_with_crafting_table":51,"minecraft:interact_with_cartography_table":5,"minecraft:leave_game":5,"minecraft:time_since_death":268,"minecraft:climb_one_cm":477,"minecraft:time_since_rest":288,"minecraft:sprint_one_cm":427035,"minecraft:damage_taken":1787,"minecraft:walk_one_cm":205740,"minecraft:damage_blocked_by_shield":2075,"minecraft:drop":18,"minecraft:damage_dealt":6425,"minecraft:swim_one_cm":28607,"minecraft:fly_one_cm":240109,"minecraft:open_chest":13,"minecraft:crouch_one_cm":6582,"minecraft:play_time":116953,"minecraft:deaths":3,"minecraft:sneak_time":5412,"minecraft:walk_under_water_one_cm":2897,"minecraft:jump":1624,"minecraft:walk_on_water_one_cm":8073,"minecraft:total_world_time":116953,"minecraft:fall_one_cm":39651},"minecraft:killed":{"minecraft:pig":12,"minecraft:spider":1,"minecraft:iron_golem":1,"minecraft:skeleton":1,"minecraft:sheep":3,"minecraft:zombie":11,"minecraft:cow":13},"minecraft:used":{"minecraft:cooked_mutton":2,"minecraft:stone_sword":91,"minecraft:stone_pickaxe":311,"minecraft:oak_planks":7,"minecraft:cartography_table":2,"minecraft:shield":84,"minecraft:wooden_pickaxe":65,"minecraft:iron_sword":6,"minecraft:sugar_cane":1,"minecraft:rotten_flesh":13,"minecraft:iron_chestplate":1,"minecraft:torch":199,"minecraft:dirt":14,"minecraft:mutton":3,"minecraft:rail":3,"minecraft:crafting_table":14,"minecraft:tuff":15,"minecraft:dripstone_block":3,"minecraft:lava_bucket":3,"minecraft:bread":3,"minecraft:iron_axe":21,"minecraft:string":4,"minecraft:iron_pickaxe":357,"minecraft:iron_helmet":1,"minecraft:iron_boots":1,"minecraft:stone_axe":120,"minecraft:cobblestone":163,"minecraft:beef":23,"minecraft:cooked_porkchop":5,"minecraft:porkchop":3,"minecraft:furnace":9,"minecraft:bucket":4,"minecraft:pointed_dripstone":1,"minecraft:iron_leggings":1}},"DataVersion":3120}