{"stats":{"minecraft:crafted":{"minecraft:oak_planks":24,"minecraft:cooked_porkchop":4,"minecraft:crafting_table":2,"minecraft:stick":20,"minecraft:wooden_pickaxe":1,"minecraft:stone_pickaxe":3,"minecraft:stone_sword":1,"minecraft:furnace":1,"minecraft:torch":36,"minecraft:birch_planks":28,"minecraft:stone_axe":1},"minecraft:killed":{"minecraft:sheep":3,"minecraft:pig":5},"minecraft:dropped":{"minecraft:stick":9},"minecraft:mined":{"minecraft:iron_ore":16,"minecraft:birch_log":7,"minecraft:andesite":15,"minecraft:pumpkin":2,"minecraft:crafting_table":1,"minecraft:granite":17,"minecraft:grass":3,"minecraft:oak_log":30,"minecraft:grass_block":2,"minecraft:coal_ore":19,"minecraft:dirt":4,"minecraft:copper_ore":2,"minecraft:stone":195,"minecraft:diorite":19,"minecraft:oak_leaves":2},"minecraft:broken":{"minecraft:stone_pickaxe":2},"minecraft:used":{"minecraft:oak_log":1,"minecraft:diorite":19,"minecraft:stone_sword":25,"minecraft:stone_pickaxe":262,"minecraft:wooden_pickaxe":22,"minecraft:stone_axe":39,"minecraft:torch":36,"minecraft:dirt":1,"minecraft:cobblestone":5,"minecraft:crafting_table":2,"minecraft:furnace":1,"minecraft:cooked_porkchop":2,"minecraft:andesite":17},"minecraft:picked_up":{"minecraft:birch_log":7,"minecraft:raw_iron":16,"minecraft:stick":9,"minecraft:crafting_table":1,"minecraft:pumpkin":2,"minecraft:andesite":17,"minecraft:porkchop":11,"minecraft:oak_log":30,"minecraft:diorite":19,"minecraft:dirt":6,"minecraft:raw_copper":10,"minecraft:granite":16,"minecraft:light_gray_wool":1,"minecraft:mutton":4,"minecraft:coal":18,"minecraft:white_wool":2,"minecraft:cobblestone":195},"minecraft:custom":{"minecraft:time_since_rest":30078,"minecraft:interact_with_furnace":4,"minecraft:sprint_one_cm":51406,"minecraft:damage_taken":60,"minecraft:walk_one_cm":58466,"minecraft:mob_kills":8,"minecraft:drop":1,"minecraft:damage_dealt":829,"minecraft:interact_with_crafting_table":5,"minecraft:fly_one_cm":35190,"minecraft:play_time":30078,"minecraft:walk_under_water_one_cm":1084,"minecraft:jump":350,"minecraft:leave_game":2,"minecraft:walk_on_water_one_cm":815,"minecraft:time_since_death":30078,"minecraft:total_world_time":30078,"minecraft:fall_one_cm":4522}},"DataVersion":3120}