{"stats":{"minecraft:crafted":{"minecraft:wooden_sword":1,"minecraft:oak_planks":12,"minecraft:cooked_porkchop":3,"minecraft:crafting_table":2,"minecraft:wooden_pickaxe":1,"minecraft:furnace":1,"minecraft:birch_planks":24,"minecraft:cooked_mutton":3,"minecraft:stick":44,"minecraft:iron_ingot":10,"minecraft:iron_pickaxe":2,"minecraft:stone_pickaxe":2,"minecraft:torch":96},"minecraft:killed_by":{"minecraft:skeleton":1},"minecraft:killed":{"minecraft:pig":2,"minecraft:sheep":1,"minecraft:skeleton":1,"minecraft:zombie":2,"minecraft:chicken":1,"minecraft:cow":3},"minecraft:dropped":{"minecraft:cooked_mutton":3,"minecraft:iron_pickaxe":1},"minecraft:mined":{"minecraft:granite":29,"minecraft:grass_block":9,"minecraft:copper_ore":3,"minecraft:diorite":15,"minecraft:birch_planks":1,"minecraft:furnace":1,"minecraft:birch_log":11,"minecraft:iron_ore":10,"minecraft:andesite":7,"minecraft:grass":4,"minecraft:oak_log":3,"minecraft:coal_ore":51,"minecraft:dirt":16,"minecraft:stone":142,"minecraft:oak_leaves":1},"minecraft:broken":{"minecraft:stone_pickaxe":1,"minecraft:wooden_sword":1},"minecraft:used":{"minecraft:stone_sword":13,"minecraft:birch_planks":1,"minecraft:stone_pickaxe":199,"minecraft:wooden_pickaxe":6,"minecraft:torch":18,"minecraft:dirt":6,"minecraft:crafting_table":1,"minecraft:chicken":1,"minecraft:iron_pickaxe":57,"minecraft:stone_axe":2,"minecraft:wooden_sword":56,"minecraft:beef":4,"minecraft:porkchop":2,"minecraft:furnace":1,"minecraft:oak_sapling":1,"minecraft:cooked_porkchop":6,"minecraft:birch_log":2},"minecraft:custom":{"minecraft:interact_with_furnace":21,"minecraft:mob_kills":10,"minecraft:interact_with_crafting_table":7,"minecraft:leave_game":2,"minecraft:time_since_death":37072,"minecraft:time_since_rest":37092,"minecraft:sprint_one_cm":123620,"minecraft:damage_taken":805,"minecraft:walk_one_cm":147110,"minecraft:drop":2,"minecraft:damage_dealt":1600,"minecraft:swim_one_cm":3108,"minecraft:fly_one_cm":77978,"minecraft:crouch_one_cm":40,"minecraft:play_time":59310,"minecraft:deaths":1,"minecraft:sneak_time":6801,"minecraft:walk_under_water_one_cm":177,"minecraft:jump":791,"minecraft:walk_on_water_one_cm":4617,"minecraft:total_world_time":59310,"minecraft:fall_one_cm":19020},"minecraft:picked_up":{"minecraft:birch_log":9,"minecraft:feather":2,"minecraft:chicken":1,"minecraft:andesite":6,"minecraft:leather":5,"minecraft:wooden_pickaxe":1,"minecraft:birch_planks":1,"minecraft:oak_log":3,"minecraft:shield":1,"minecraft:dirt":25,"minecraft:raw_copper":11,"minecraft:wooden_sword":1,"minecraft:cooked_mutton":3,"minecraft:bone":2,"minecraft:wheat_seeds":2,"minecraft:beef":4,"minecraft:stone_pickaxe":2,"minecraft:furnace":2,"minecraft:raw_iron":10,"minecraft:cooked_porkchop":3,"minecraft:porkchop":5,"minecraft:diorite":15,"minecraft:stone_sword":1,"minecraft:rotten_flesh":3,"minecraft:stone_axe":1,"minecraft:granite":29,"minecraft:oak_sapling":5,"minecraft:mutton":1,"minecraft:coal":47,"minecraft:white_wool":1,"minecraft:cobblestone":156}},"DataVersion":3120}