{"stats":{"minecraft:killed_by":{"minecraft:zombie":1,"minecraft:player":1},"minecraft:used":{"minecraft:torch":44},"minecraft:custom":{"minecraft:jump":368,"minecraft:leave_game":15,"minecraft:time_since_rest":29664,"minecraft:sprint_one_cm":80394,"minecraft:time_since_death":29199,"minecraft:damage_dealt":20,"minecraft:crouch_one_cm":495,"minecraft:play_time":37712,"minecraft:walk_on_water_one_cm":599,"minecraft:deaths":2,"minecraft:sneak_time":117,"minecraft:total_world_time":37712,"minecraft:fall_one_cm":6084,"minecraft:fly_one_cm":145184,"minecraft:damage_taken":591,"minecraft:walk_one_cm":38673},"minecraft:picked_up":{"minecraft:oak_log":1,"minecraft:dirt":3},"minecraft:mined":{"minecraft:grass":1,"minecraft:grass_block":3,"minecraft:oak_log":1}},"DataVersion":3120}