{"stats":{"minecraft:crafted":{"minecraft:oak_planks":24,"minecraft:crafting_table":1,"minecraft:wooden_pickaxe":1,"minecraft:furnace":1,"minecraft:stone_axe":1,"minecraft:stick":8,"minecraft:stone_pickaxe":1,"minecraft:wooden_axe":1},"minecraft:killed_by":{"minecraft:player":2,"minecraft:zombie":2},"minecraft:killed":{"minecraft:pig":1,"minecraft:spider":1,"minecraft:polar_bear":1,"minecraft:pillager":5,"minecraft:zombie":2,"minecraft:chicken":1},"minecraft:dropped":{"minecraft:bread":49,"minecraft:iron_sword":1,"minecraft:cooked_beef":47,"minecraft:nether_wart":25,"minecraft:blaze_rod":17,"minecraft:cobbled_deepslate":1,"minecraft:tnt":1,"minecraft:diamond":15,"minecraft:experience_bottle":81,"minecraft:iron_helmet":1,"minecraft:iron_boots":1,"minecraft:coal_block":23,"minecraft:dirt":1,"minecraft:shield":1,"minecraft:iron_chestplate":1,"minecraft:iron_leggings":1,"minecraft:iron_pickaxe":1},"minecraft:mined":{"minecraft:crafting_table":2,"minecraft:torch":2,"minecraft:soul_soil":3,"minecraft:tall_grass":4,"minecraft:iron_ore":8,"minecraft:grass":28,"minecraft:coal_ore":25,"minecraft:oak_log":6,"minecraft:stone":27},"minecraft:used":{"minecraft:calcite":21,"minecraft:water_bucket":1,"minecraft:stone_sword":1,"minecraft:stone_pickaxe":1,"minecraft:oak_sign":3,"minecraft:wooden_pickaxe":21,"minecraft:tinted_glass":23,"minecraft:iron_sword":24,"minecraft:zombie_spawn_egg":8,"minecraft:quartz_stairs":25,"minecraft:rotten_flesh":1,"minecraft:torch":4,"minecraft:dirt":2,"minecraft:crafting_table":2,"minecraft:brick_slab":1,"minecraft:white_bed":3,"minecraft:polar_bear_spawn_egg":1,"minecraft:granite":54,"minecraft:stripped_spruce_log":3,"minecraft:redstone_torch":8,"minecraft:glass":6,"minecraft:wooden_axe":14,"minecraft:bricks":93,"minecraft:grass_block":188,"minecraft:iron_pickaxe":39,"minecraft:dark_oak_slab":138,"minecraft:smooth_quartz":298,"minecraft:stone_axe":39,"minecraft:glowstone":53,"minecraft:cobblestone":2,"minecraft:soul_soil":2,"minecraft:deepslate_coal_ore":2,"minecraft:cooked_beef":10,"minecraft:cobbled_deepslate":142,"minecraft:stripped_spruce_wood":26},"minecraft:custom":{"minecraft:mob_kills":13,"minecraft:interact_with_crafting_table":3,"minecraft:leave_game":18,"minecraft:time_since_death":11148,"minecraft:climb_one_cm":181,"minecraft:time_since_rest":11168,"minecraft:sprint_one_cm":142374,"minecraft:damage_taken":2056,"minecraft:walk_one_cm":402398,"minecraft:drop":18,"minecraft:damage_dealt":2425,"minecraft:fly_one_cm":408965,"minecraft:player_kills":2,"minecraft:crouch_one_cm":384,"minecraft:play_time":371517,"minecraft:deaths":5,"minecraft:sneak_time":152,"minecraft:walk_under_water_one_cm":1503,"minecraft:jump":1362,"minecraft:walk_on_water_one_cm":4044,"minecraft:total_world_time":371517,"minecraft:fall_one_cm":24487},"minecraft:picked_up":{"minecraft:wooden_axe":1,"minecraft:crafting_table":4,"minecraft:feather":1,"minecraft:azure_bluet":1,"minecraft:chicken":1,"minecraft:wooden_pickaxe":1,"minecraft:oak_log":6,"minecraft:blue_bed":2,"minecraft:dirt":1,"minecraft:string":2,"minecraft:soul_soil":3,"minecraft:wheat_seeds":7,"minecraft:cobbled_deepslate":1,"minecraft:stone_pickaxe":1,"minecraft:redstone_torch":2,"minecraft:poppy":1,"minecraft:sugar_cane":22,"minecraft:stick":3,"minecraft:raw_iron":8,"minecraft:torch":3,"minecraft:dandelion":11,"minecraft:porkchop":2,"minecraft:white_bed":2,"minecraft:spider_eye":1,"minecraft:stone_sword":1,"minecraft:rotten_flesh":3,"minecraft:stone_axe":1,"minecraft:oak_sapling":2,"minecraft:coal":25,"minecraft:cobblestone":27,"minecraft:oxeye_daisy":2}},"DataVersion":3120}