{"stats":{"minecraft:killed_by":{"minecraft:creeper":1,"minecraft:zombie":1},"minecraft:mined":{"minecraft:grass":10,"minecraft:grass_block":2,"minecraft:dirt":2},"minecraft:used":{"minecraft:oak_fence":30,"minecraft:water_bucket":25,"minecraft:diamond_block":11,"minecraft:cow_spawn_egg":16,"minecraft:dirt":3,"minecraft:sand":4,"minecraft:hay_block":7,"minecraft:grass_block":26,"minecraft:verdant_froglight":13,"minecraft:smooth_sandstone":3,"minecraft:cactus":8,"minecraft:stone":5,"minecraft:quartz_stairs":37},"minecraft:picked_up":{"minecraft:cactus":1,"minecraft:leather":1,"minecraft:wheat_seeds":3,"minecraft:lead":2,"minecraft:dandelion":2,"minecraft:beef":3,"minecraft:dirt":3},"minecraft:custom":{"minecraft:time_since_rest":19978,"minecraft:crouch_one_cm":1056,"minecraft:play_time":22473,"minecraft:sprint_one_cm":14349,"minecraft:damage_taken":528,"minecraft:deaths":2,"minecraft:walk_one_cm":60558,"minecraft:sneak_time":712,"minecraft:jump":133,"minecraft:damage_dealt":138,"minecraft:leave_game":3,"minecraft:walk_on_water_one_cm":315,"minecraft:time_since_death":19600,"minecraft:total_world_time":22473,"minecraft:fall_one_cm":894,"minecraft:fly_one_cm":45866}},"DataVersion":3120}