{"stats":{"minecraft:killed_by":{"minecraft:drowned":1},"minecraft:custom":{"minecraft:jump":40,"minecraft:time_since_rest":21,"minecraft:deaths":1,"minecraft:damage_taken":240,"minecraft:sprint_one_cm":8660,"minecraft:leave_game":2,"minecraft:play_time":9681,"minecraft:walk_on_water_one_cm":3124,"minecraft:time_since_death":0,"minecraft:walk_one_cm":6709,"minecraft:total_world_time":9681,"minecraft:walk_under_water_one_cm":268,"minecraft:swim_one_cm":3772,"minecraft:fall_one_cm":1923,"minecraft:fly_one_cm":4840}},"DataVersion":3120}